,movieid,avg_rating,total_ratings
0,171011,4.4831,1124
1,159817,4.4648,1747
2,318,4.41358,81482
3,170705,4.3986,1356
4,171495,4.32671,277
5,858,4.32434,52498
6,179135,4.28983,659
7,50,4.28435,55366
8,198185,4.26736,288
9,1221,4.26176,34188
